1 (54).jpg,1
12 (55).jpg,12
8 (53).jpg,8
2 (59).jpg,2
2 (35).jpg,2
13 (64).jpg,13
7 (39).jpg,7
3 (26).jpg,3
9 (39).jpg,9
8 (36).jpg,8
1 (13).jpg,1
12 (24).jpg,12
4 (20).jpg,4
8 (30).jpg,8
13 (20).jpg,13
7 (35).jpg,7
9 (29).jpg,9
7 (4).jpg,7
12 (41).jpg,12
6 (64).jpg,6
9 (12).jpg,9
13 (54).jpg,13
2 (7).jpg,2
8 (17).jpg,8
6 (63).jpg,6
2 (28).jpg,2
10 (21).jpg,10
8 (21).jpg,8
6 (10).jpg,6
2 (15).jpg,2
13 (33).jpg,13
7 (49).jpg,7
3 (50).jpg,3
5 (32).jpg,5
9 (18).jpg,9
3 (1).jpg,3
7 (32).jpg,7
8 (31).jpg,8
3 (8).jpg,3
4 (65).jpg,4
7 (9).jpg,7
12 (29).jpg,12
13 (44).jpg,13
0 (8).jpg,0
5 (12).jpg,5
6 (61).jpg,6
7 (6).jpg,7
1 (32).jpg,1
9 (8).jpg,9
10 (63).jpg,10
0 (62).jpg,0
10 (31).jpg,10
6 (3).jpg,6
12 (8).jpg,12
6 (30).jpg,6
5 (45).jpg,5
4 (17).jpg,4
10 (56).jpg,10
7 (38).jpg,7
7 (61).jpg,7
5 (41).jpg,5
4 (33).jpg,4
2 (62).jpg,2
14 (51).jpg,14
12 (46).jpg,12
0 (47).jpg,0
7 (3).jpg,7
7 (41).jpg,7
4 (66).jpg,4
5 (8).jpg,5
13 (59).jpg,13
4 (23).jpg,4
2 (46).jpg,2
13 (50).jpg,13
2 (1).jpg,2
9 (54).jpg,9
7 (59).jpg,7
4 (6).jpg,4
10 (33).jpg,10
2 (43).jpg,2
7 (20).jpg,7
10 (55).jpg,10
0 (53).jpg,0
14 (34).jpg,14
4 (44).jpg,4
5 (21).jpg,5
13 (7).jpg,13
7 (36).jpg,7
4 (67).jpg,4
11 (11).jpg,11
3 (38).jpg,3
5 (10).jpg,5
3 (7).jpg,3
0 (55).jpg,0
4 (68).jpg,4
12 (5).jpg,12
5 (20).jpg,5
5 (14).jpg,5
4 (69).jpg,4
6 (21).jpg,6
9 (15).jpg,9
4 (18).jpg,4
12 (63).jpg,12
2 (45).jpg,2
7 (2).jpg,7
4 (4).jpg,4
5 (50).jpg,5
14 (42).jpg,14
8 (32).jpg,8
9 (21).jpg,9
13 (26).jpg,13
4 (70).jpg,4
0 (58).jpg,0
10 (47).jpg,10
0 (26).jpg,0
3 (62).jpg,3
14 (45).jpg,14
0 (24).jpg,0
8 (19).jpg,8
9 (58).jpg,9
4 (71).jpg,4
9 (26).jpg,9
10 (18).jpg,10
7 (62).jpg,7
11 (24).jpg,11
10 (19).jpg,10
4 (72).jpg,4
0 (54).jpg,0
2 (21).jpg,2
1 (39).jpg,1
0 (39).jpg,0
6 (14).jpg,6
1 (56).jpg,1
8 (1).jpg,8
4 (73).jpg,4
12 (18).jpg,12
11 (37).jpg,11
9 (62).jpg,9
1 (51).jpg,1
3 (13).jpg,3
3 (59).jpg,3
12 (56).jpg,12
10 (49).jpg,10
4 (45).jpg,4
12 (14).jpg,12
10 (61).jpg,10
12 (25).jpg,12
8 (13).jpg,8
12 (50).jpg,12
11 (14).jpg,11
3 (51).jpg,3
1 (58).jpg,1
2 (9).jpg,2
1 (7).jpg,1
8 (38).jpg,8
11 (47).jpg,11
7 (43).jpg,7
5 (5).jpg,5
8 (25).jpg,8
4 (74).jpg,4
0 (15).jpg,0
6 (55).jpg,6
11 (29).jpg,11
9 (11).jpg,9
5 (37).jpg,5
4 (75).jpg,4
10 (23).jpg,10
0 (16).jpg,0
3 (6).jpg,3
1 (18).jpg,1
2 (16).jpg,2
0 (28).jpg,0
4 (32).jpg,4
6 (59).jpg,6
14 (63).jpg,14
14 (43).jpg,14
10 (64).jpg,10
7 (40).jpg,7
3 (53).jpg,3
6 (16).jpg,6
14 (37).jpg,14
5 (25).jpg,5
10 (12).jpg,10
6 (42).jpg,6
9 (14).jpg,9
4 (76).jpg,4
14 (58).jpg,14
13 (29).jpg,13
11 (55).jpg,11
1 (48).jpg,1
14 (36).jpg,14
5 (18).jpg,5
6 (13).jpg,6
8 (47).jpg,8
11 (7).jpg,11
10 (48).jpg,10
8 (45).jpg,8
6 (12).jpg,6
1 (1).jpg,1
8 (12).jpg,8
4 (77).jpg,4
11 (25).jpg,11
9 (9).jpg,9
3 (34).jpg,3
14 (39).jpg,14
13 (34).jpg,13
1 (26).jpg,1
4 (78).jpg,4
10 (54).jpg,10
14 (6).jpg,14
9 (22).jpg,9
12 (13).jpg,12
9 (23).jpg,9
2 (2).jpg,2
11 (6).jpg,11
13 (17).jpg,13
7 (37).jpg,7
4 (2).jpg,4
4 (19).jpg,4
7 (57).jpg,7
13 (1).jpg,13
14 (48).jpg,14
13 (2).jpg,13
12 (62).jpg,12
4 (79).jpg,4
8 (56).jpg,8
11 (8).jpg,11
1 (64).jpg,1
6 (57).jpg,6
7 (8).jpg,7
6 (31).jpg,6
4 (25).jpg,4
9 (40).jpg,9
1 (55).jpg,1
8 (27).jpg,8
1 (9).jpg,1
9 (55).jpg,9
1 (57).jpg,1
8 (8).jpg,8
8 (59).jpg,8
10 (17).jpg,10
14 (2).jpg,14
14 (17).jpg,14
0 (11).jpg,0
0 (49).jpg,0
6 (53).jpg,6
7 (28).jpg,7
7 (34).jpg,7
8 (4).jpg,8
1 (29).jpg,1
13 (32).jpg,13
13 (8).jpg,13
2 (27).jpg,2
13 (3).jpg,13
11 (61).jpg,11
9 (27).jpg,9
3 (14).jpg,3
8 (44).jpg,8
4 (13).jpg,4
2 (29).jpg,2
0 (7).jpg,0
2 (37).jpg,2
3 (43).jpg,3
12 (52).jpg,12
1 (50).jpg,1
13 (57).jpg,13
12 (17).jpg,12
14 (32).jpg,14
14 (35).jpg,14
5 (31).jpg,5
0 (61).jpg,0
10 (7).jpg,10
8 (6).jpg,8
5 (23).jpg,5
11 (35).jpg,11
9 (5).jpg,9
14 (4).jpg,14
10 (14).jpg,10
4 (24).jpg,4
11 (36).jpg,11
12 (57).jpg,12
0 (12).jpg,0
6 (27).jpg,6
14 (21).jpg,14
4 (59).jpg,4
9 (16).jpg,9
2 (38).jpg,2
8 (42).jpg,8
5 (29).jpg,5
2 (49).jpg,2
11 (46).jpg,11
11 (53).jpg,11
1 (14).jpg,1
4 (80).jpg,4
12 (39).jpg,12
0 (21).jpg,0
11 (13).jpg,11
2 (24).jpg,2
14 (24).jpg,14
5 (13).jpg,5
4 (38).jpg,4
10 (37).jpg,10
12 (40).jpg,12
7 (55).jpg,7
12 (26).jpg,12
11 (30).jpg,11
11 (52).jpg,11
10 (52).jpg,10
10 (35).jpg,10
0 (42).jpg,0
14 (16).jpg,14
9 (48).jpg,9
6 (45).jpg,6
4 (55).jpg,4
10 (24).jpg,10
14 (55).jpg,14
9 (4).jpg,9
4 (21).jpg,4
9 (31).jpg,9
3 (35).jpg,3
13 (41).jpg,13
12 (60).jpg,12
0 (48).jpg,0
6 (2).jpg,6
4 (10).jpg,4
14 (31).jpg,14
14 (52).jpg,14
11 (4).jpg,11
11 (33).jpg,11
14 (12).jpg,14
12 (49).jpg,12
14 (30).jpg,14
10 (59).jpg,10
13 (63).jpg,13
4 (1).jpg,4
13 (61).jpg,13
11 (62).jpg,11
7 (47).jpg,7
11 (63).jpg,11
1 (63).jpg,1
1 (15).jpg,1
14 (11).jpg,14
12 (22).jpg,12
2 (4).jpg,2
12 (33).jpg,12
10 (50).jpg,10
2 (63).jpg,2
0 (13).jpg,0
13 (16).jpg,13
3 (36).jpg,3
7 (51).jpg,7
11 (22).jpg,11
2 (26).jpg,2
6 (41).jpg,6
11 (32).jpg,11
2 (11).jpg,2
11 (16).jpg,11
12 (27).jpg,12
6 (44).jpg,6
8 (20).jpg,8
14 (47).jpg,14
3 (5).jpg,3
11 (59).jpg,11
9 (56).jpg,9
9 (41).jpg,9
4 (28).jpg,4
7 (27).jpg,7
11 (44).jpg,11
14 (15).jpg,14
4 (43).jpg,4
13 (36).jpg,13
0 (32).jpg,0
8 (55).jpg,8
13 (60).jpg,13
3 (40).jpg,3
1 (30).jpg,1
10 (9).jpg,10
10 (53).jpg,10
14 (3).jpg,14
10 (15).jpg,10
10 (2).jpg,10
8 (26).jpg,8
4 (39).jpg,4
4 (12).jpg,4
4 (35).jpg,4
2 (22).jpg,2
9 (63).jpg,9
1 (40).jpg,1
12 (30).jpg,12
7 (26).jpg,7
7 (60).jpg,7
4 (36).jpg,4
9 (2).jpg,9
10 (6).jpg,10
1 (47).jpg,1
11 (40).jpg,11
0 (17).jpg,0
10 (43).jpg,10
5 (1).jpg,5
8 (64).jpg,8
9 (35).jpg,9
1 (6).jpg,1
6 (39).jpg,6
14 (56).jpg,14
3 (11).jpg,3
10 (34).jpg,10
13 (5).jpg,13
5 (6).jpg,5
12 (28).jpg,12
13 (18).jpg,13
2 (54).jpg,2
0 (19).jpg,0
9 (47).jpg,9
2 (33).jpg,2
2 (5).jpg,2
4 (41).jpg,4
13 (43).jpg,13
10 (4).jpg,10
3 (44).jpg,3
14 (18).jpg,14
8 (41).jpg,8
14 (62).jpg,14
2 (42).jpg,2
13 (15).jpg,13
13 (27).jpg,13
12 (2).jpg,12
10 (40).jpg,10
2 (44).jpg,2
8 (3).jpg,8
8 (23).jpg,8
3 (37).jpg,3
1 (21).jpg,1
4 (49).jpg,4
13 (9).jpg,13
0 (4).jpg,0
7 (16).jpg,7
4 (58).jpg,4
8 (18).jpg,8
7 (15).jpg,7
2 (52).jpg,2
8 (14).jpg,8
1 (10).jpg,1
7 (17).jpg,7
13 (42).jpg,13
0 (29).jpg,0
0 (20).jpg,0
12 (16).jpg,12
5 (30).jpg,5
11 (49).jpg,11
2 (50).jpg,2
6 (8).jpg,6
2 (12).jpg,2
14 (50).jpg,14
6 (28).jpg,6
9 (61).jpg,9
8 (35).jpg,8
7 (29).jpg,7
8 (62).jpg,8
9 (46).jpg,9
4 (31).jpg,4
7 (21).jpg,7
0 (3).jpg,0
1 (3).jpg,1
9 (3).jpg,9
8 (11).jpg,8
0 (45).jpg,0
13 (62).jpg,13
2 (13).jpg,2
5 (52).jpg,5
2 (20).jpg,2
12 (44).jpg,12
9 (19).jpg,9
4 (63).jpg,4
3 (45).jpg,3
14 (38).jpg,14
13 (37).jpg,13
14 (61).jpg,14
3 (12).jpg,3
6 (50).jpg,6
4 (15).jpg,4
11 (64).jpg,11
2 (36).jpg,2
5 (47).jpg,5
0 (44).jpg,0
12 (15).jpg,12
3 (18).jpg,3
0 (22).jpg,0
4 (40).jpg,4
11 (45).jpg,11
10 (58).jpg,10
8 (40).jpg,8
0 (2).jpg,0
12 (12).jpg,12
6 (33).jpg,6
7 (64).jpg,7
14 (9).jpg,14
0 (63).jpg,0
8 (48).jpg,8
4 (81).jpg,4
11 (27).jpg,11
5 (53).jpg,5
13 (40).jpg,13
13 (14).jpg,13
13 (51).jpg,13
12 (58).jpg,12
14 (54).jpg,14
8 (50).jpg,8
7 (11).jpg,7
1 (37).jpg,1
8 (9).jpg,8
13 (30).jpg,13
13 (47).jpg,13
10 (20).jpg,10
3 (63).jpg,3
6 (40).jpg,6
3 (2).jpg,3
2 (41).jpg,2
13 (39).jpg,13
11 (12).jpg,11
2 (55).jpg,2
4 (11).jpg,4
1 (49).jpg,1
11 (28).jpg,11
13 (45).jpg,13
5 (40).jpg,5
13 (48).jpg,13
11 (51).jpg,11
0 (51).jpg,0
0 (35).jpg,0
12 (59).jpg,12
12 (1).jpg,12
11 (39).jpg,11
12 (42).jpg,12
9 (43).jpg,9
5 (15).jpg,5
3 (24).jpg,3
1 (22).jpg,1
4 (7).jpg,4
1 (2).jpg,1
1 (59).jpg,1
10 (3).jpg,10
11 (54).jpg,11
10 (29).jpg,10
12 (21).jpg,12
5 (28).jpg,5
11 (50).jpg,11
14 (64).jpg,14
13 (28).jpg,13
0 (60).jpg,0
4 (50).jpg,4
3 (52).jpg,3
6 (25).jpg,6
10 (32).jpg,10
10 (26).jpg,10
5 (44).jpg,5
2 (30).jpg,2
14 (60).jpg,14
6 (54).jpg,6
8 (33).jpg,8
11 (26).jpg,11
12 (54).jpg,12
0 (38).jpg,0
11 (23).jpg,11
10 (22).jpg,10
5 (42).jpg,5
4 (82).jpg,4
13 (11).jpg,13
8 (43).jpg,8
0 (37).jpg,0
6 (19).jpg,6
0 (40).jpg,0
14 (27).jpg,14
13 (38).jpg,13
7 (23).jpg,7
11 (17).jpg,11
14 (57).jpg,14
6 (17).jpg,6
3 (21).jpg,3
12 (51).jpg,12
8 (34).jpg,8
0 (56).jpg,0
8 (7).jpg,8
8 (49).jpg,8
7 (46).jpg,7
0 (34).jpg,0
14 (33).jpg,14
9 (1).jpg,9
3 (33).jpg,3
11 (34).jpg,11
0 (6).jpg,0
1 (43).jpg,1
14 (28).jpg,14
12 (43).jpg,12
8 (54).jpg,8
3 (48).jpg,3
10 (30).jpg,10
14 (26).jpg,14
12 (53).jpg,12
4 (27).jpg,4
8 (51).jpg,8
6 (9).jpg,6
1 (35).jpg,1
10 (60).jpg,10
7 (54).jpg,7
3 (4).jpg,3
10 (28).jpg,10
2 (3).jpg,2
10 (57).jpg,10
14 (1).jpg,14
10 (27).jpg,10
6 (35).jpg,6
10 (45).jpg,10
0 (64).jpg,0
11 (31).jpg,11
6 (52).jpg,6
2 (40).jpg,2
11 (10).jpg,11
10 (42).jpg,10
3 (9).jpg,3
3 (23).jpg,3
2 (32).jpg,2
3 (39).jpg,3
0 (30).jpg,0
11 (2).jpg,11
7 (63).jpg,7
10 (62).jpg,10
2 (56).jpg,2
1 (28).jpg,1
3 (61).jpg,3
12 (11).jpg,12
3 (55).jpg,3
13 (12).jpg,13
2 (60).jpg,2
10 (39).jpg,10
6 (47).jpg,6
9 (33).jpg,9
1 (5).jpg,1
6 (37).jpg,6
1 (24).jpg,1
0 (46).jpg,0
0 (59).jpg,0
12 (4).jpg,12
1 (25).jpg,1
9 (59).jpg,9
6 (20).jpg,6
2 (64).jpg,2
6 (62).jpg,6
1 (8).jpg,1
1 (38).jpg,1
2 (47).jpg,2
6 (49).jpg,6
14 (41).jpg,14
5 (2).jpg,5
11 (18).jpg,11
11 (5).jpg,11
2 (57).jpg,2
9 (60).jpg,9
5 (19).jpg,5
3 (56).jpg,3
14 (8).jpg,14
9 (52).jpg,9
4 (64).jpg,4
0 (1).jpg,0
4 (53).jpg,4
12 (6).jpg,12
6 (36).jpg,6
2 (14).jpg,2
8 (15).jpg,8
5 (7).jpg,5
12 (7).jpg,12
5 (46).jpg,5
10 (8).jpg,10
9 (24).jpg,9
4 (57).jpg,4
6 (6).jpg,6
8 (46).jpg,8
12 (38).jpg,12
13 (58).jpg,13
5 (43).jpg,5
9 (45).jpg,9
11 (41).jpg,11
6 (23).jpg,6
2 (48).jpg,2
8 (2).jpg,8
1 (27).jpg,1
1 (12).jpg,1
9 (37).jpg,9
6 (38).jpg,6
2 (17).jpg,2
13 (56).jpg,13
2 (18).jpg,2
6 (4).jpg,6
11 (48).jpg,11
11 (42).jpg,11
12 (10).jpg,12
0 (9).jpg,0
13 (19).jpg,13
4 (60).jpg,4
12 (35).jpg,12
7 (14).jpg,7
13 (31).jpg,13
8 (10).jpg,8
14 (44).jpg,14
2 (58).jpg,2
4 (30).jpg,4
3 (46).jpg,3
12 (36).jpg,12
0 (27).jpg,0
4 (54).jpg,4
4 (47).jpg,4
1 (17).jpg,1
9 (57).jpg,9
11 (60).jpg,11
4 (9).jpg,4
13 (55).jpg,13
4 (29).jpg,4
10 (38).jpg,10
6 (51).jpg,6
12 (31).jpg,12
5 (48).jpg,5
3 (60).jpg,3
11 (1).jpg,11
1 (33).jpg,1
0 (52).jpg,0
9 (42).jpg,9
12 (34).jpg,12
0 (10).jpg,0
14 (14).jpg,14
4 (48).jpg,4
14 (25).jpg,14
9 (36).jpg,9
14 (10).jpg,14
11 (20).jpg,11
7 (19).jpg,7
9 (38).jpg,9
7 (42).jpg,7
5 (17).jpg,5
10 (25).jpg,10
5 (51).jpg,5
12 (19).jpg,12
1 (41).jpg,1
1 (61).jpg,1
5 (55).jpg,5
7 (18).jpg,7
7 (56).jpg,7
10 (1).jpg,10
6 (34).jpg,6
4 (56).jpg,4
14 (7).jpg,14
3 (54).jpg,3
9 (20).jpg,9
8 (28).jpg,8
3 (20).jpg,3
4 (22).jpg,4
11 (21).jpg,11
7 (31).jpg,7
1 (46).jpg,1
3 (19).jpg,3
4 (34).jpg,4
8 (16).jpg,8
5 (33).jpg,5
8 (61).jpg,8
6 (11).jpg,6
1 (4).jpg,1
0 (31).jpg,0
2 (34).jpg,2
6 (22).jpg,6
2 (23).jpg,2
12 (20).jpg,12
13 (35).jpg,13
10 (51).jpg,10
13 (23).jpg,13
13 (52).jpg,13
5 (11).jpg,5
14 (5).jpg,14
5 (22).jpg,5
14 (46).jpg,14
5 (4).jpg,5
13 (13).jpg,13
4 (14).jpg,4
9 (30).jpg,9
0 (36).jpg,0
4 (62).jpg,4
6 (46).jpg,6
8 (60).jpg,8
14 (19).jpg,14
1 (60).jpg,1
13 (22).jpg,13
3 (29).jpg,3
3 (28).jpg,3
1 (42).jpg,1
9 (44).jpg,9
1 (52).jpg,1
0 (23).jpg,0
14 (53).jpg,14
3 (16).jpg,3
10 (36).jpg,10
7 (12).jpg,7
4 (51).jpg,4
7 (24).jpg,7
8 (29).jpg,8
9 (10).jpg,9
3 (31).jpg,3
6 (5).jpg,6
13 (6).jpg,13
10 (13).jpg,10
10 (46).jpg,10
5 (34).jpg,5
3 (17).jpg,3
5 (36).jpg,5
11 (9).jpg,11
9 (50).jpg,9
9 (51).jpg,9
3 (41).jpg,3
6 (29).jpg,6
4 (26).jpg,4
0 (18).jpg,0
14 (23).jpg,14
12 (9).jpg,12
13 (24).jpg,13
3 (25).jpg,3
7 (50).jpg,7
10 (11).jpg,10
2 (25).jpg,2
14 (22).jpg,14
8 (58).jpg,8
0 (25).jpg,0
9 (53).jpg,9
1 (34).jpg,1
0 (41).jpg,0
12 (47).jpg,12
3 (3).jpg,3
12 (61).jpg,12
11 (38).jpg,11
9 (28).jpg,9
5 (26).jpg,5
14 (20).jpg,14
3 (10).jpg,3
9 (6).jpg,9
3 (42).jpg,3
0 (57).jpg,0
8 (37).jpg,8
7 (53).jpg,7
2 (51).jpg,2
2 (19).jpg,2
7 (1).jpg,7
9 (7).jpg,9
2 (6).jpg,2
11 (19).jpg,11
5 (54).jpg,5
9 (49).jpg,9
6 (24).jpg,6
3 (27).jpg,3
1 (44).jpg,1
7 (7).jpg,7
1 (36).jpg,1
5 (38).jpg,5
12 (32).jpg,12
8 (57).jpg,8
5 (35).jpg,5
7 (5).jpg,7
10 (44).jpg,10
1 (23).jpg,1
3 (22).jpg,3
2 (39).jpg,2
5 (24).jpg,5
7 (44).jpg,7
0 (43).jpg,0
6 (58).jpg,6
5 (49).jpg,5
5 (9).jpg,5
4 (16).jpg,4
3 (58).jpg,3
0 (33).jpg,0
6 (18).jpg,6
7 (45).jpg,7
8 (22).jpg,8
3 (64).jpg,3
7 (25).jpg,7
14 (59).jpg,14
3 (47).jpg,3
0 (5).jpg,0
3 (57).jpg,3
4 (52).jpg,4
13 (4).jpg,13
11 (15).jpg,11
10 (41).jpg,10
9 (13).jpg,9
8 (63).jpg,8
3 (15).jpg,3
1 (45).jpg,1
4 (3).jpg,4
4 (8).jpg,4
6 (48).jpg,6
12 (3).jpg,12
1 (20).jpg,1
3 (30).jpg,3
12 (64).jpg,12
10 (16).jpg,10
9 (25).jpg,9
4 (5).jpg,4
7 (22).jpg,7
6 (7).jpg,6
1 (53).jpg,1
1 (16).jpg,1
7 (33).jpg,7
12 (45).jpg,12
5 (27).jpg,5
1 (62).jpg,1
11 (57).jpg,11
8 (39).jpg,8
14 (13).jpg,14
5 (39).jpg,5
6 (60).jpg,6
5 (3).jpg,5
11 (3).jpg,11
4 (61).jpg,4
11 (58).jpg,11
13 (21).jpg,13
8 (52).jpg,8
14 (49).jpg,14
8 (24).jpg,8
3 (32).jpg,3
10 (10).jpg,10
13 (46).jpg,13
4 (37).jpg,4
7 (30).jpg,7
13 (53).jpg,13
14 (29).jpg,14
4 (42).jpg,4
2 (8).jpg,2
11 (56).jpg,11
10 (5).jpg,10
13 (10).jpg,13
9 (34).jpg,9
13 (49).jpg,13
12 (48).jpg,12
1 (11).jpg,1
1 (19).jpg,1
5 (16).jpg,5
13 (25).jpg,13
9 (32).jpg,9
6 (56).jpg,6
7 (52).jpg,7
6 (26).jpg,6
0 (50).jpg,0
2 (10).jpg,2
2 (53).jpg,2
6 (32).jpg,6
2 (31).jpg,2
8 (5).jpg,8
1 (31).jpg,1
9 (64).jpg,9
6 (15).jpg,6
12 (23).jpg,12
11 (43).jpg,11
6 (43).jpg,6
3 (49).jpg,3
7 (48).jpg,7
9 (17).jpg,9
2 (61).jpg,2
4 (46).jpg,4
6 (1).jpg,6
7 (58).jpg,7
0 (14).jpg,0
14 (40).jpg,14
7 (13).jpg,7
12 (37).jpg,12
7 (10).jpg,7
